{"cameraMode":{"drawMode":0,"name":"Shaded","section":"Shading Mode"},"sceneLighting":true,"audioPlay":false,"sceneViewState":{"m_AlwaysRefresh":false,"showFog":true,"showSkybox":true,"showFlares":true,"showImageEffects":true,"showParticleSystems":true,"showVisualEffectGraphs":true,"m_FxEnabled":true},"in2DMode":false,"pivot":{"x":-11.964107513427735,"y":-20.5924015045166,"z":-15.050178527832032},"rotation":{"x":0.022052405402064325,"y":0.9409147500991821,"z":-0.33210572600364687,"w":0.06247467175126076},"size":18.947187423706056,"orthographic":false}