{"cameraMode":{"drawMode":0,"name":"Shaded","section":"Shading Mode"},"sceneLighting":true,"audioPlay":false,"sceneViewState":{"m_AlwaysRefresh":false,"showFog":true,"showSkybox":true,"showFlares":true,"showImageEffects":true,"showParticleSystems":true,"showVisualEffectGraphs":true,"m_FxEnabled":true},"in2DMode":false,"pivot":{"x":76.71434020996094,"y":-6.696662425994873,"z":136.81924438476563},"rotation":{"x":0.0013237236998975278,"y":-0.9609225392341614,"z":0.2768368422985077,"w":0.004608835559338331},"size":6.94169807434082,"orthographic":false}