{"cameraMode":{"drawMode":0,"name":"Shaded","section":"Shading Mode"},"sceneLighting":true,"audioPlay":false,"sceneViewState":{"m_AlwaysRefresh":false,"showFog":true,"showSkybox":true,"showFlares":true,"showImageEffects":true,"showParticleSystems":true,"showVisualEffectGraphs":true,"m_FxEnabled":true},"in2DMode":false,"pivot":{"x":159.9118194580078,"y":-128.5914764404297,"z":398.5162048339844},"rotation":{"x":-0.19907265901565553,"y":-0.006164116319268942,"z":0.0011350685963407159,"w":-0.9800441861152649},"size":235.6322784423828,"orthographic":false}