{"cameraMode":{"drawMode":0,"name":"Shaded","section":"Shading Mode"},"sceneLighting":true,"audioPlay":false,"sceneViewState":{"m_AlwaysRefresh":false,"showFog":true,"showSkybox":true,"showFlares":true,"showImageEffects":true,"showParticleSystems":true,"showVisualEffectGraphs":true,"m_FxEnabled":true},"in2DMode":false,"pivot":{"x":8.481093406677246,"y":-32.4403190612793,"z":25.324440002441408},"rotation":{"x":0.27328017354011538,"y":0.02452564239501953,"z":-0.006970381364226341,"w":0.9615889191627502},"size":49.277217864990237,"orthographic":false}